Timestamp Last Modified	Media	Filename	Source File
2025-06-26 14:57:56.920480	"<a href=""../data/data/com.google.android.apps.maps/cache/image_manager_disk_cache/54d8d289447bca5dc1ac6de343ec6c706635fc1a2f59591a1e540884b4e37207.0"" target=""_blank""><img src=""../data/data/com.google.android.apps.maps/cache/image_manager_disk_cache/54d8d289447bca5dc1ac6de343ec6c706635fc1a2f59591a1e540884b4e37207.0""width=""300""></img></a>"	54d8d289447bca5dc1ac6de343ec6c706635fc1a2f59591a1e540884b4e37207.0	/home/vagrant/Desktop/temp_extract_dir/ALEAPP_Reports_2025-06-26_Thursday_165755/data/data/com.google.android.apps.maps/cache/image_manager_disk_cache/54d8d289447bca5dc1ac6de343ec6c706635fc1a2f59591a1e540884b4e37207.0
2025-06-26 14:57:56.920480	"<a href=""../data/data/com.google.android.apps.maps/cache/image_manager_disk_cache/d484947090150302ae8d3a66917c99c885da58e962af8c574d98716b62e33cbf.0"" target=""_blank""><img src=""../data/data/com.google.android.apps.maps/cache/image_manager_disk_cache/d484947090150302ae8d3a66917c99c885da58e962af8c574d98716b62e33cbf.0""width=""300""></img></a>"	d484947090150302ae8d3a66917c99c885da58e962af8c574d98716b62e33cbf.0	/home/vagrant/Desktop/temp_extract_dir/ALEAPP_Reports_2025-06-26_Thursday_165755/data/data/com.google.android.apps.maps/cache/image_manager_disk_cache/d484947090150302ae8d3a66917c99c885da58e962af8c574d98716b62e33cbf.0
2025-06-26 14:57:56.920480	"<a href=""../data/data/com.google.android.apps.maps/cache/image_manager_disk_cache/5368bf3b871eb8e589fcd847ed845eebacc60ea492fbca68677cbcc7792342f6.0"" target=""_blank""><img src=""../data/data/com.google.android.apps.maps/cache/image_manager_disk_cache/5368bf3b871eb8e589fcd847ed845eebacc60ea492fbca68677cbcc7792342f6.0""width=""300""></img></a>"	5368bf3b871eb8e589fcd847ed845eebacc60ea492fbca68677cbcc7792342f6.0	/home/vagrant/Desktop/temp_extract_dir/ALEAPP_Reports_2025-06-26_Thursday_165755/data/data/com.google.android.apps.maps/cache/image_manager_disk_cache/5368bf3b871eb8e589fcd847ed845eebacc60ea492fbca68677cbcc7792342f6.0
2025-06-26 14:57:56.920480	"<a href=""../data/data/com.google.android.apps.maps/cache/image_manager_disk_cache/dce58be75dca4a04eb58950b41ede2c9f969fbbc64424684f32161f1addf725e.0"" target=""_blank""><img src=""../data/data/com.google.android.apps.maps/cache/image_manager_disk_cache/dce58be75dca4a04eb58950b41ede2c9f969fbbc64424684f32161f1addf725e.0""width=""300""></img></a>"	dce58be75dca4a04eb58950b41ede2c9f969fbbc64424684f32161f1addf725e.0	/home/vagrant/Desktop/temp_extract_dir/ALEAPP_Reports_2025-06-26_Thursday_165755/data/data/com.google.android.apps.maps/cache/image_manager_disk_cache/dce58be75dca4a04eb58950b41ede2c9f969fbbc64424684f32161f1addf725e.0
2025-06-26 14:57:56.920480	"<a href=""../data/data/com.google.android.apps.maps/cache/image_manager_disk_cache/4e3cefe760c174f9c76d37dbc67c395437c8e0b657227f025b651ec5364219d7.0"" target=""_blank""><img src=""../data/data/com.google.android.apps.maps/cache/image_manager_disk_cache/4e3cefe760c174f9c76d37dbc67c395437c8e0b657227f025b651ec5364219d7.0""width=""300""></img></a>"	4e3cefe760c174f9c76d37dbc67c395437c8e0b657227f025b651ec5364219d7.0	/home/vagrant/Desktop/temp_extract_dir/ALEAPP_Reports_2025-06-26_Thursday_165755/data/data/com.google.android.apps.maps/cache/image_manager_disk_cache/4e3cefe760c174f9c76d37dbc67c395437c8e0b657227f025b651ec5364219d7.0
2025-06-26 14:57:56.920480	"<a href=""../data/data/com.google.android.apps.maps/cache/image_manager_disk_cache/21ebf2078c5a06c032a165924549541bd147169788eaf473b451ee2134c075c4.0"" target=""_blank""><img src=""../data/data/com.google.android.apps.maps/cache/image_manager_disk_cache/21ebf2078c5a06c032a165924549541bd147169788eaf473b451ee2134c075c4.0""width=""300""></img></a>"	21ebf2078c5a06c032a165924549541bd147169788eaf473b451ee2134c075c4.0	/home/vagrant/Desktop/temp_extract_dir/ALEAPP_Reports_2025-06-26_Thursday_165755/data/data/com.google.android.apps.maps/cache/image_manager_disk_cache/21ebf2078c5a06c032a165924549541bd147169788eaf473b451ee2134c075c4.0
2025-06-26 14:57:56.920480	"<a href=""../data/data/com.google.android.apps.maps/cache/image_manager_disk_cache/499ffd08af3b06481b76c543c6384d9f9bd93f329ae66a8746d243bc63582ea3.0"" target=""_blank""><img src=""../data/data/com.google.android.apps.maps/cache/image_manager_disk_cache/499ffd08af3b06481b76c543c6384d9f9bd93f329ae66a8746d243bc63582ea3.0""width=""300""></img></a>"	499ffd08af3b06481b76c543c6384d9f9bd93f329ae66a8746d243bc63582ea3.0	/home/vagrant/Desktop/temp_extract_dir/ALEAPP_Reports_2025-06-26_Thursday_165755/data/data/com.google.android.apps.maps/cache/image_manager_disk_cache/499ffd08af3b06481b76c543c6384d9f9bd93f329ae66a8746d243bc63582ea3.0
2025-06-26 14:57:56.920480	"<a href=""../data/data/com.google.android.apps.maps/cache/image_manager_disk_cache/68349af0e0f933a58fcd2679558e840da7772c32be5440eb205e87ac0aaa9b32.0"" target=""_blank""><img src=""../data/data/com.google.android.apps.maps/cache/image_manager_disk_cache/68349af0e0f933a58fcd2679558e840da7772c32be5440eb205e87ac0aaa9b32.0""width=""300""></img></a>"	68349af0e0f933a58fcd2679558e840da7772c32be5440eb205e87ac0aaa9b32.0	/home/vagrant/Desktop/temp_extract_dir/ALEAPP_Reports_2025-06-26_Thursday_165755/data/data/com.google.android.apps.maps/cache/image_manager_disk_cache/68349af0e0f933a58fcd2679558e840da7772c32be5440eb205e87ac0aaa9b32.0
2025-06-26 14:57:56.920480	"<a href=""../data/data/com.google.android.apps.maps/cache/image_manager_disk_cache/01a09be3f100036e10ab258f236a035958b97cae79434c2abc8f9abfe1618c6f.0"" target=""_blank""><img src=""../data/data/com.google.android.apps.maps/cache/image_manager_disk_cache/01a09be3f100036e10ab258f236a035958b97cae79434c2abc8f9abfe1618c6f.0""width=""300""></img></a>"	01a09be3f100036e10ab258f236a035958b97cae79434c2abc8f9abfe1618c6f.0	/home/vagrant/Desktop/temp_extract_dir/ALEAPP_Reports_2025-06-26_Thursday_165755/data/data/com.google.android.apps.maps/cache/image_manager_disk_cache/01a09be3f100036e10ab258f236a035958b97cae79434c2abc8f9abfe1618c6f.0
2025-06-26 14:57:56.920480	"<a href=""../data/data/com.google.android.apps.maps/cache/image_manager_disk_cache/89f35885455b650a16e5d27ebcc52df701f3d7c4376085f316e2d6c39ebc4cf1.0"" target=""_blank""><img src=""../data/data/com.google.android.apps.maps/cache/image_manager_disk_cache/89f35885455b650a16e5d27ebcc52df701f3d7c4376085f316e2d6c39ebc4cf1.0""width=""300""></img></a>"	89f35885455b650a16e5d27ebcc52df701f3d7c4376085f316e2d6c39ebc4cf1.0	/home/vagrant/Desktop/temp_extract_dir/ALEAPP_Reports_2025-06-26_Thursday_165755/data/data/com.google.android.apps.maps/cache/image_manager_disk_cache/89f35885455b650a16e5d27ebcc52df701f3d7c4376085f316e2d6c39ebc4cf1.0
2025-06-26 14:57:56.920480	"<a href=""../data/data/com.google.android.apps.maps/cache/image_manager_disk_cache/28725323d1550e06ccad23ffe1a2c9e422cccf3e404949fac51288ea7975ff84.0"" target=""_blank""><img src=""../data/data/com.google.android.apps.maps/cache/image_manager_disk_cache/28725323d1550e06ccad23ffe1a2c9e422cccf3e404949fac51288ea7975ff84.0""width=""300""></img></a>"	28725323d1550e06ccad23ffe1a2c9e422cccf3e404949fac51288ea7975ff84.0	/home/vagrant/Desktop/temp_extract_dir/ALEAPP_Reports_2025-06-26_Thursday_165755/data/data/com.google.android.apps.maps/cache/image_manager_disk_cache/28725323d1550e06ccad23ffe1a2c9e422cccf3e404949fac51288ea7975ff84.0
2025-06-26 14:57:56.920480	"<a href=""../data/data/com.google.android.apps.maps/cache/image_manager_disk_cache/8868cc8ff6f661bfdcb0a862552968871930619c3a12b532f22581bab9b08c12.0"" target=""_blank""><img src=""../data/data/com.google.android.apps.maps/cache/image_manager_disk_cache/8868cc8ff6f661bfdcb0a862552968871930619c3a12b532f22581bab9b08c12.0""width=""300""></img></a>"	8868cc8ff6f661bfdcb0a862552968871930619c3a12b532f22581bab9b08c12.0	/home/vagrant/Desktop/temp_extract_dir/ALEAPP_Reports_2025-06-26_Thursday_165755/data/data/com.google.android.apps.maps/cache/image_manager_disk_cache/8868cc8ff6f661bfdcb0a862552968871930619c3a12b532f22581bab9b08c12.0
2025-06-26 14:57:56.920480	"<a href=""../data/data/com.google.android.apps.maps/cache/image_manager_disk_cache/2acf4c84377222e49247d425647679014536501880bb2bf60afbb0624b298f60.0"" target=""_blank""><img src=""../data/data/com.google.android.apps.maps/cache/image_manager_disk_cache/2acf4c84377222e49247d425647679014536501880bb2bf60afbb0624b298f60.0""width=""300""></img></a>"	2acf4c84377222e49247d425647679014536501880bb2bf60afbb0624b298f60.0	/home/vagrant/Desktop/temp_extract_dir/ALEAPP_Reports_2025-06-26_Thursday_165755/data/data/com.google.android.apps.maps/cache/image_manager_disk_cache/2acf4c84377222e49247d425647679014536501880bb2bf60afbb0624b298f60.0
2025-06-26 14:57:56.920480	"<a href=""../data/data/com.google.android.apps.maps/cache/image_manager_disk_cache/d4a20e51292c949a9b1c15d8d814150d8151e490d6f31802cba86c24a6021811.0"" target=""_blank""><img src=""../data/data/com.google.android.apps.maps/cache/image_manager_disk_cache/d4a20e51292c949a9b1c15d8d814150d8151e490d6f31802cba86c24a6021811.0""width=""300""></img></a>"	d4a20e51292c949a9b1c15d8d814150d8151e490d6f31802cba86c24a6021811.0	/home/vagrant/Desktop/temp_extract_dir/ALEAPP_Reports_2025-06-26_Thursday_165755/data/data/com.google.android.apps.maps/cache/image_manager_disk_cache/d4a20e51292c949a9b1c15d8d814150d8151e490d6f31802cba86c24a6021811.0
2025-06-26 14:57:56.920480	"<a href=""../data/data/com.google.android.apps.maps/cache/image_manager_disk_cache/e1c39a7fcfe3cf47615687cb841e9a23129f975502153ae091938227191e7585.0"" target=""_blank""><img src=""../data/data/com.google.android.apps.maps/cache/image_manager_disk_cache/e1c39a7fcfe3cf47615687cb841e9a23129f975502153ae091938227191e7585.0""width=""300""></img></a>"	e1c39a7fcfe3cf47615687cb841e9a23129f975502153ae091938227191e7585.0	/home/vagrant/Desktop/temp_extract_dir/ALEAPP_Reports_2025-06-26_Thursday_165755/data/data/com.google.android.apps.maps/cache/image_manager_disk_cache/e1c39a7fcfe3cf47615687cb841e9a23129f975502153ae091938227191e7585.0
2025-06-26 14:57:56.920480	"<a href=""../data/data/com.google.android.apps.maps/cache/image_manager_disk_cache/6be9aadd6377fd0f42927f7b3c4af3298fcea896d84b9b1a10b962f82dba56ed.0"" target=""_blank""><img src=""../data/data/com.google.android.apps.maps/cache/image_manager_disk_cache/6be9aadd6377fd0f42927f7b3c4af3298fcea896d84b9b1a10b962f82dba56ed.0""width=""300""></img></a>"	6be9aadd6377fd0f42927f7b3c4af3298fcea896d84b9b1a10b962f82dba56ed.0	/home/vagrant/Desktop/temp_extract_dir/ALEAPP_Reports_2025-06-26_Thursday_165755/data/data/com.google.android.apps.maps/cache/image_manager_disk_cache/6be9aadd6377fd0f42927f7b3c4af3298fcea896d84b9b1a10b962f82dba56ed.0
2025-06-26 14:57:56.920480	"<a href=""../data/data/com.google.android.apps.maps/cache/image_manager_disk_cache/3a46e899fb50ec1829d9964f02c06a5c6d8537a1a5ed159af849ddafb370a0c6.0"" target=""_blank""><img src=""../data/data/com.google.android.apps.maps/cache/image_manager_disk_cache/3a46e899fb50ec1829d9964f02c06a5c6d8537a1a5ed159af849ddafb370a0c6.0""width=""300""></img></a>"	3a46e899fb50ec1829d9964f02c06a5c6d8537a1a5ed159af849ddafb370a0c6.0	/home/vagrant/Desktop/temp_extract_dir/ALEAPP_Reports_2025-06-26_Thursday_165755/data/data/com.google.android.apps.maps/cache/image_manager_disk_cache/3a46e899fb50ec1829d9964f02c06a5c6d8537a1a5ed159af849ddafb370a0c6.0
2025-06-26 14:57:56.920480	"<a href=""../data/data/com.google.android.apps.maps/cache/image_manager_disk_cache/7ba7479c18cc4fddf63c0dfb71bf2399a66332afef2420c611e07ae1cec351c6.0"" target=""_blank""><img src=""../data/data/com.google.android.apps.maps/cache/image_manager_disk_cache/7ba7479c18cc4fddf63c0dfb71bf2399a66332afef2420c611e07ae1cec351c6.0""width=""300""></img></a>"	7ba7479c18cc4fddf63c0dfb71bf2399a66332afef2420c611e07ae1cec351c6.0	/home/vagrant/Desktop/temp_extract_dir/ALEAPP_Reports_2025-06-26_Thursday_165755/data/data/com.google.android.apps.maps/cache/image_manager_disk_cache/7ba7479c18cc4fddf63c0dfb71bf2399a66332afef2420c611e07ae1cec351c6.0
2025-06-26 14:57:56.920480	"<a href=""../data/data/com.google.android.apps.maps/cache/image_manager_disk_cache/ea8573e7f3f2f146b84590a0ce50a6180701fc12566ebaccfafad98f04d2bc83.0"" target=""_blank""><img src=""../data/data/com.google.android.apps.maps/cache/image_manager_disk_cache/ea8573e7f3f2f146b84590a0ce50a6180701fc12566ebaccfafad98f04d2bc83.0""width=""300""></img></a>"	ea8573e7f3f2f146b84590a0ce50a6180701fc12566ebaccfafad98f04d2bc83.0	/home/vagrant/Desktop/temp_extract_dir/ALEAPP_Reports_2025-06-26_Thursday_165755/data/data/com.google.android.apps.maps/cache/image_manager_disk_cache/ea8573e7f3f2f146b84590a0ce50a6180701fc12566ebaccfafad98f04d2bc83.0
2025-06-26 14:57:56.920480	"<a href=""../data/data/com.google.android.apps.maps/cache/image_manager_disk_cache/fbaecb79b08deb62c5a8a8f23fd5e76b96cdbec74f7a6906ef81415ef53d0279.0"" target=""_blank""><img src=""../data/data/com.google.android.apps.maps/cache/image_manager_disk_cache/fbaecb79b08deb62c5a8a8f23fd5e76b96cdbec74f7a6906ef81415ef53d0279.0""width=""300""></img></a>"	fbaecb79b08deb62c5a8a8f23fd5e76b96cdbec74f7a6906ef81415ef53d0279.0	/home/vagrant/Desktop/temp_extract_dir/ALEAPP_Reports_2025-06-26_Thursday_165755/data/data/com.google.android.apps.maps/cache/image_manager_disk_cache/fbaecb79b08deb62c5a8a8f23fd5e76b96cdbec74f7a6906ef81415ef53d0279.0
2025-06-26 14:57:56.920480	"<a href=""../data/data/com.google.android.apps.maps/cache/image_manager_disk_cache/382d3a20564272a2645b40b66caaf57b877f390a629f9fcc481186e83fbaf468.0"" target=""_blank""><img src=""../data/data/com.google.android.apps.maps/cache/image_manager_disk_cache/382d3a20564272a2645b40b66caaf57b877f390a629f9fcc481186e83fbaf468.0""width=""300""></img></a>"	382d3a20564272a2645b40b66caaf57b877f390a629f9fcc481186e83fbaf468.0	/home/vagrant/Desktop/temp_extract_dir/ALEAPP_Reports_2025-06-26_Thursday_165755/data/data/com.google.android.apps.maps/cache/image_manager_disk_cache/382d3a20564272a2645b40b66caaf57b877f390a629f9fcc481186e83fbaf468.0
2025-06-26 14:57:56.920480	"<a href=""../data/data/com.google.android.apps.maps/cache/image_manager_disk_cache/87cbcb3b32fb4f024269c51be949cf34fbd67186545db95d99c643e19182bfc8.0"" target=""_blank""><img src=""../data/data/com.google.android.apps.maps/cache/image_manager_disk_cache/87cbcb3b32fb4f024269c51be949cf34fbd67186545db95d99c643e19182bfc8.0""width=""300""></img></a>"	87cbcb3b32fb4f024269c51be949cf34fbd67186545db95d99c643e19182bfc8.0	/home/vagrant/Desktop/temp_extract_dir/ALEAPP_Reports_2025-06-26_Thursday_165755/data/data/com.google.android.apps.maps/cache/image_manager_disk_cache/87cbcb3b32fb4f024269c51be949cf34fbd67186545db95d99c643e19182bfc8.0
2025-06-26 14:57:56.920480	"<a href=""../data/data/com.google.android.apps.maps/cache/image_manager_disk_cache/b40e2a8377a24d32b26fdaf12a8e5d84c61e0bbf5655734a8d1812ab256f45a7.0"" target=""_blank""><img src=""../data/data/com.google.android.apps.maps/cache/image_manager_disk_cache/b40e2a8377a24d32b26fdaf12a8e5d84c61e0bbf5655734a8d1812ab256f45a7.0""width=""300""></img></a>"	b40e2a8377a24d32b26fdaf12a8e5d84c61e0bbf5655734a8d1812ab256f45a7.0	/home/vagrant/Desktop/temp_extract_dir/ALEAPP_Reports_2025-06-26_Thursday_165755/data/data/com.google.android.apps.maps/cache/image_manager_disk_cache/b40e2a8377a24d32b26fdaf12a8e5d84c61e0bbf5655734a8d1812ab256f45a7.0
2025-06-26 14:57:56.920480	"<a href=""../data/data/com.discord/cache/app_images_cache/v2.ols100.1/48/RsQeFYrWDMKHReQkxYLBhTAKSak.cnt"" target=""_blank""><img src=""../data/data/com.discord/cache/app_images_cache/v2.ols100.1/48/RsQeFYrWDMKHReQkxYLBhTAKSak.cnt""width=""300""></img></a>"	RsQeFYrWDMKHReQkxYLBhTAKSak.cnt	/home/vagrant/Desktop/temp_extract_dir/ALEAPP_Reports_2025-06-26_Thursday_165755/data/data/com.discord/cache/app_images_cache/v2.ols100.1/48/RsQeFYrWDMKHReQkxYLBhTAKSak.cnt
2025-06-26 14:57:56.920480	"<a href=""../data/data/com.discord/cache/app_images_cache/v2.ols100.1/46/W4jXt4kAZc_wNi-gzMW4aiOlnko.cnt"" target=""_blank""><img src=""../data/data/com.discord/cache/app_images_cache/v2.ols100.1/46/W4jXt4kAZc_wNi-gzMW4aiOlnko.cnt""width=""300""></img></a>"	W4jXt4kAZc_wNi-gzMW4aiOlnko.cnt	/home/vagrant/Desktop/temp_extract_dir/ALEAPP_Reports_2025-06-26_Thursday_165755/data/data/com.discord/cache/app_images_cache/v2.ols100.1/46/W4jXt4kAZc_wNi-gzMW4aiOlnko.cnt
2025-06-26 14:57:56.920480	"<a href=""../data/data/com.discord/cache/app_images_cache/v2.ols100.1/68/oeWbh1mfaxh3F0ast_dAHgOkdSo.cnt"" target=""_blank""><img src=""../data/data/com.discord/cache/app_images_cache/v2.ols100.1/68/oeWbh1mfaxh3F0ast_dAHgOkdSo.cnt""width=""300""></img></a>"	oeWbh1mfaxh3F0ast_dAHgOkdSo.cnt	/home/vagrant/Desktop/temp_extract_dir/ALEAPP_Reports_2025-06-26_Thursday_165755/data/data/com.discord/cache/app_images_cache/v2.ols100.1/68/oeWbh1mfaxh3F0ast_dAHgOkdSo.cnt
2025-06-26 14:57:56.920480	"<a href=""../data/data/com.discord/cache/app_images_cache/v2.ols100.1/18/m1RsyKCHF1NUAp6s2fWmxDqautA.cnt"" target=""_blank""><img src=""../data/data/com.discord/cache/app_images_cache/v2.ols100.1/18/m1RsyKCHF1NUAp6s2fWmxDqautA.cnt""width=""300""></img></a>"	m1RsyKCHF1NUAp6s2fWmxDqautA.cnt	/home/vagrant/Desktop/temp_extract_dir/ALEAPP_Reports_2025-06-26_Thursday_165755/data/data/com.discord/cache/app_images_cache/v2.ols100.1/18/m1RsyKCHF1NUAp6s2fWmxDqautA.cnt
2025-06-26 14:57:56.920480	"<a href=""../data/data/com.discord/cache/app_images_cache/v2.ols100.1/29/0ZTz8a7_Vm602NaUw14jUWdjDjQ.cnt"" target=""_blank""><img src=""../data/data/com.discord/cache/app_images_cache/v2.ols100.1/29/0ZTz8a7_Vm602NaUw14jUWdjDjQ.cnt""width=""300""></img></a>"	0ZTz8a7_Vm602NaUw14jUWdjDjQ.cnt	/home/vagrant/Desktop/temp_extract_dir/ALEAPP_Reports_2025-06-26_Thursday_165755/data/data/com.discord/cache/app_images_cache/v2.ols100.1/29/0ZTz8a7_Vm602NaUw14jUWdjDjQ.cnt
2025-06-26 14:57:56.920480	"<a href=""../data/data/com.discord/cache/app_images_cache_small/v2.ols100.1/57/Rdssh1IfXTRAXmjbAtCcwpQjbd4.cnt"" target=""_blank""><img src=""../data/data/com.discord/cache/app_images_cache_small/v2.ols100.1/57/Rdssh1IfXTRAXmjbAtCcwpQjbd4.cnt""width=""300""></img></a>"	Rdssh1IfXTRAXmjbAtCcwpQjbd4.cnt	/home/vagrant/Desktop/temp_extract_dir/ALEAPP_Reports_2025-06-26_Thursday_165755/data/data/com.discord/cache/app_images_cache_small/v2.ols100.1/57/Rdssh1IfXTRAXmjbAtCcwpQjbd4.cnt
2025-06-26 14:57:56.920480	"<a href=""../data/data/com.discord/cache/app_images_cache_small/v2.ols100.1/12/9z99nYRdi3HTYTOegJnbTTFn-nI.cnt"" target=""_blank""><img src=""../data/data/com.discord/cache/app_images_cache_small/v2.ols100.1/12/9z99nYRdi3HTYTOegJnbTTFn-nI.cnt""width=""300""></img></a>"	9z99nYRdi3HTYTOegJnbTTFn-nI.cnt	/home/vagrant/Desktop/temp_extract_dir/ALEAPP_Reports_2025-06-26_Thursday_165755/data/data/com.discord/cache/app_images_cache_small/v2.ols100.1/12/9z99nYRdi3HTYTOegJnbTTFn-nI.cnt
2025-06-26 14:57:56.920480	"<a href=""../data/data/com.discord/cache/app_images_cache_small/v2.ols100.1/34/oyooN9QBgpeYVAs_wSx5LXJVl2s.cnt"" target=""_blank""><img src=""../data/data/com.discord/cache/app_images_cache_small/v2.ols100.1/34/oyooN9QBgpeYVAs_wSx5LXJVl2s.cnt""width=""300""></img></a>"	oyooN9QBgpeYVAs_wSx5LXJVl2s.cnt	/home/vagrant/Desktop/temp_extract_dir/ALEAPP_Reports_2025-06-26_Thursday_165755/data/data/com.discord/cache/app_images_cache_small/v2.ols100.1/34/oyooN9QBgpeYVAs_wSx5LXJVl2s.cnt
2025-06-26 14:57:56.920480	"<a href=""../data/data/com.discord/cache/app_images_cache_small/v2.ols100.1/34/NBzNLPqVPLZ8h5PSK-i2FVZi84c.cnt"" target=""_blank""><img src=""../data/data/com.discord/cache/app_images_cache_small/v2.ols100.1/34/NBzNLPqVPLZ8h5PSK-i2FVZi84c.cnt""width=""300""></img></a>"	NBzNLPqVPLZ8h5PSK-i2FVZi84c.cnt	/home/vagrant/Desktop/temp_extract_dir/ALEAPP_Reports_2025-06-26_Thursday_165755/data/data/com.discord/cache/app_images_cache_small/v2.ols100.1/34/NBzNLPqVPLZ8h5PSK-i2FVZi84c.cnt
2025-06-26 14:57:56.920480	"<a href=""../data/data/com.discord/cache/app_images_cache_small/v2.ols100.1/79/mot-qkLwAdZs4kib2dFgVjiEU4Y.cnt"" target=""_blank""><img src=""../data/data/com.discord/cache/app_images_cache_small/v2.ols100.1/79/mot-qkLwAdZs4kib2dFgVjiEU4Y.cnt""width=""300""></img></a>"	mot-qkLwAdZs4kib2dFgVjiEU4Y.cnt	/home/vagrant/Desktop/temp_extract_dir/ALEAPP_Reports_2025-06-26_Thursday_165755/data/data/com.discord/cache/app_images_cache_small/v2.ols100.1/79/mot-qkLwAdZs4kib2dFgVjiEU4Y.cnt
